platform,ratio,hour,dow,line,updnLine
1-1,9.0,5,WEEKDAY,1,0
1-2,6.0,5,WEEKDAY,1,0
1-3,7.0,5,WEEKDAY,1,0
1-4,7.0,5,WEEKDAY,1,0
1-5,7.0,5,WEEKDAY,1,0
1-6,7.0,5,WEEKDAY,1,0
1-7,9.0,5,WEEKDAY,1,0
1-8,10.0,5,WEEKDAY,1,0
1-9,15.0,5,WEEKDAY,1,0
1-10,22.0,5,WEEKDAY,1,0
1-1,9.5,6,WEEKDAY,1,0
1-2,6.5,6,WEEKDAY,1,0
1-3,7.166666666666667,6,WEEKDAY,1,0
1-4,8.166666666666666,6,WEEKDAY,1,0
1-5,5.166666666666667,6,WEEKDAY,1,0
1-6,6.333333333333333,6,WEEKDAY,1,0
1-7,8.666666666666666,6,WEEKDAY,1,0
1-8,9.333333333333334,6,WEEKDAY,1,0
1-9,15.166666666666666,6,WEEKDAY,1,0
1-10,23.666666666666668,6,WEEKDAY,1,0
1-1,10.333333333333334,7,WEEKDAY,1,0
1-2,7.333333333333333,7,WEEKDAY,1,0
1-3,8.833333333333334,7,WEEKDAY,1,0
1-4,7.5,7,WEEKDAY,1,0
1-5,5.833333333333333,7,WEEKDAY,1,0
1-6,6.666666666666667,7,WEEKDAY,1,0
1-7,8.833333333333334,7,WEEKDAY,1,0
1-8,10.166666666666666,7,WEEKDAY,1,0
1-9,13.333333333333334,7,WEEKDAY,1,0
1-10,21.0,7,WEEKDAY,1,0
1-1,13.166666666666666,8,WEEKDAY,1,0
1-2,8.166666666666666,8,WEEKDAY,1,0
1-3,7.833333333333333,8,WEEKDAY,1,0
1-4,7.333333333333333,8,WEEKDAY,1,0
1-5,5.833333333333333,8,WEEKDAY,1,0
1-6,6.833333333333333,8,WEEKDAY,1,0
1-7,10.0,8,WEEKDAY,1,0
1-8,9.5,8,WEEKDAY,1,0
1-9,13.5,8,WEEKDAY,1,0
1-10,18.166666666666668,8,WEEKDAY,1,0
1-1,12.833333333333334,9,WEEKDAY,1,0
1-2,8.0,9,WEEKDAY,1,0
1-3,7.833333333333333,9,WEEKDAY,1,0
1-4,6.666666666666667,9,WEEKDAY,1,0
1-5,6.0,9,WEEKDAY,1,0
1-6,6.166666666666667,9,WEEKDAY,1,0
1-7,8.833333333333334,9,WEEKDAY,1,0
1-8,9.666666666666666,9,WEEKDAY,1,0
1-9,15.5,9,WEEKDAY,1,0
1-10,18.666666666666668,9,WEEKDAY,1,0
1-1,8.833333333333334,10,WEEKDAY,1,0
1-2,6.666666666666667,10,WEEKDAY,1,0
1-3,7.666666666666667,10,WEEKDAY,1,0
1-4,7.0,10,WEEKDAY,1,0
1-5,6.666666666666667,10,WEEKDAY,1,0
1-6,7.333333333333333,10,WEEKDAY,1,0
1-7,8.166666666666666,10,WEEKDAY,1,0
1-8,10.666666666666666,10,WEEKDAY,1,0
1-9,14.833333333333334,10,WEEKDAY,1,0
1-10,21.666666666666668,10,WEEKDAY,1,0
1-1,7.833333333333333,11,WEEKDAY,1,0
1-2,7.0,11,WEEKDAY,1,0
1-3,7.333333333333333,11,WEEKDAY,1,0
1-4,7.833333333333333,11,WEEKDAY,1,0
1-5,7.833333333333333,11,WEEKDAY,1,0
1-6,7.833333333333333,11,WEEKDAY,1,0
1-7,8.5,11,WEEKDAY,1,0
1-8,9.5,11,WEEKDAY,1,0
1-9,15.166666666666666,11,WEEKDAY,1,0
1-10,21.333333333333332,11,WEEKDAY,1,0
1-1,8.0,12,WEEKDAY,1,0
1-2,6.5,12,WEEKDAY,1,0
1-3,7.166666666666667,12,WEEKDAY,1,0
1-4,7.5,12,WEEKDAY,1,0
1-5,9.5,12,WEEKDAY,1,0
1-6,9.333333333333334,12,WEEKDAY,1,0
1-7,8.333333333333334,12,WEEKDAY,1,0
1-8,9.333333333333334,12,WEEKDAY,1,0
1-9,14.166666666666666,12,WEEKDAY,1,0
1-10,20.833333333333332,12,WEEKDAY,1,0
1-1,6.833333333333333,13,WEEKDAY,1,0
1-2,6.333333333333333,13,WEEKDAY,1,0
1-3,7.166666666666667,13,WEEKDAY,1,0
1-4,8.166666666666666,13,WEEKDAY,1,0
1-5,9.333333333333334,13,WEEKDAY,1,0
1-6,9.333333333333334,13,WEEKDAY,1,0
1-7,8.166666666666666,13,WEEKDAY,1,0
1-8,10.666666666666666,13,WEEKDAY,1,0
1-9,13.666666666666666,13,WEEKDAY,1,0
1-10,20.333333333333332,13,WEEKDAY,1,0
1-1,6.166666666666667,14,WEEKDAY,1,0
1-2,6.666666666666667,14,WEEKDAY,1,0
1-3,6.5,14,WEEKDAY,1,0
1-4,8.5,14,WEEKDAY,1,0
1-5,9.666666666666666,14,WEEKDAY,1,0
1-6,10.166666666666666,14,WEEKDAY,1,0
1-7,8.833333333333334,14,WEEKDAY,1,0
1-8,10.333333333333334,14,WEEKDAY,1,0
1-9,13.333333333333334,14,WEEKDAY,1,0
1-10,20.333333333333332,14,WEEKDAY,1,0
1-1,6.0,15,WEEKDAY,1,0
1-2,4.5,15,WEEKDAY,1,0
1-3,6.333333333333333,15,WEEKDAY,1,0
1-4,7.166666666666667,15,WEEKDAY,1,0
1-5,9.0,15,WEEKDAY,1,0
1-6,9.333333333333334,15,WEEKDAY,1,0
1-7,9.166666666666666,15,WEEKDAY,1,0
1-8,12.166666666666666,15,WEEKDAY,1,0
1-9,14.5,15,WEEKDAY,1,0
1-10,21.666666666666668,15,WEEKDAY,1,0
1-1,5.5,16,WEEKDAY,1,0
1-2,3.8333333333333335,16,WEEKDAY,1,0
1-3,5.666666666666667,16,WEEKDAY,1,0
1-4,6.666666666666667,16,WEEKDAY,1,0
1-5,7.0,16,WEEKDAY,1,0
1-6,8.666666666666666,16,WEEKDAY,1,0
1-7,11.0,16,WEEKDAY,1,0
1-8,11.166666666666666,16,WEEKDAY,1,0
1-9,17.5,16,WEEKDAY,1,0
1-10,23.166666666666668,16,WEEKDAY,1,0
1-1,4.333333333333333,17,WEEKDAY,1,0
1-2,4.0,17,WEEKDAY,1,0
1-3,4.833333333333333,17,WEEKDAY,1,0
1-4,6.166666666666667,17,WEEKDAY,1,0
1-5,6.833333333333333,17,WEEKDAY,1,0
1-6,7.166666666666667,17,WEEKDAY,1,0
1-7,11.666666666666666,17,WEEKDAY,1,0
1-8,12.833333333333334,17,WEEKDAY,1,0
1-9,16.666666666666668,17,WEEKDAY,1,0
1-10,26.0,17,WEEKDAY,1,0
1-1,3.8333333333333335,18,WEEKDAY,1,0
1-2,4.166666666666667,18,WEEKDAY,1,0
1-3,4.0,18,WEEKDAY,1,0
1-4,5.166666666666667,18,WEEKDAY,1,0
1-5,5.0,18,WEEKDAY,1,0
1-6,6.0,18,WEEKDAY,1,0
1-7,9.833333333333334,18,WEEKDAY,1,0
1-8,11.333333333333334,18,WEEKDAY,1,0
1-9,18.833333333333332,18,WEEKDAY,1,0
1-10,31.5,18,WEEKDAY,1,0
1-1,8.333333333333334,19,WEEKDAY,1,0
1-2,5.666666666666667,19,WEEKDAY,1,0
1-3,6.666666666666667,19,WEEKDAY,1,0
1-4,7.0,19,WEEKDAY,1,0
1-5,6.5,19,WEEKDAY,1,0
1-6,7.0,19,WEEKDAY,1,0
1-7,9.333333333333334,19,WEEKDAY,1,0
1-8,9.666666666666666,19,WEEKDAY,1,0
1-9,16.166666666666668,19,WEEKDAY,1,0
1-10,23.166666666666668,19,WEEKDAY,1,0
1-1,9.0,20,WEEKDAY,1,0
1-2,6.0,20,WEEKDAY,1,0
1-3,7.0,20,WEEKDAY,1,0
1-4,7.0,20,WEEKDAY,1,0
1-5,7.0,20,WEEKDAY,1,0
1-6,7.0,20,WEEKDAY,1,0
1-7,9.0,20,WEEKDAY,1,0
1-8,10.0,20,WEEKDAY,1,0
1-9,15.0,20,WEEKDAY,1,0
1-10,22.0,20,WEEKDAY,1,0
1-1,9.0,21,WEEKDAY,1,0
1-2,6.0,21,WEEKDAY,1,0
1-3,7.0,21,WEEKDAY,1,0
1-4,7.0,21,WEEKDAY,1,0
1-5,7.0,21,WEEKDAY,1,0
1-6,7.0,21,WEEKDAY,1,0
1-7,9.0,21,WEEKDAY,1,0
1-8,10.0,21,WEEKDAY,1,0
1-9,15.0,21,WEEKDAY,1,0
1-10,22.0,21,WEEKDAY,1,0
1-1,9.0,22,WEEKDAY,1,0
1-2,6.0,22,WEEKDAY,1,0
1-3,7.0,22,WEEKDAY,1,0
1-4,7.0,22,WEEKDAY,1,0
1-5,7.0,22,WEEKDAY,1,0
1-6,7.0,22,WEEKDAY,1,0
1-7,9.0,22,WEEKDAY,1,0
1-8,10.0,22,WEEKDAY,1,0
1-9,15.0,22,WEEKDAY,1,0
1-10,22.0,22,WEEKDAY,1,0
1-1,9.0,23,WEEKDAY,1,0
1-2,6.0,23,WEEKDAY,1,0
1-3,7.0,23,WEEKDAY,1,0
1-4,7.0,23,WEEKDAY,1,0
1-5,7.0,23,WEEKDAY,1,0
1-6,7.0,23,WEEKDAY,1,0
1-7,9.0,23,WEEKDAY,1,0
1-8,10.0,23,WEEKDAY,1,0
1-9,15.0,23,WEEKDAY,1,0
1-10,22.0,23,WEEKDAY,1,0
1-1,5.0,5,WEEKEND,1,0
1-2,6.0,5,WEEKEND,1,0
1-3,7.0,5,WEEKEND,1,0
1-4,8.0,5,WEEKEND,1,0
1-5,8.0,5,WEEKEND,1,0
1-6,10.0,5,WEEKEND,1,0
1-7,10.0,5,WEEKEND,1,0
1-8,10.0,5,WEEKEND,1,0
1-9,15.0,5,WEEKEND,1,0
1-10,22.0,5,WEEKEND,1,0
1-1,5.0,6,WEEKEND,1,0
1-2,6.0,6,WEEKEND,1,0
1-3,7.0,6,WEEKEND,1,0
1-4,8.0,6,WEEKEND,1,0
1-5,8.0,6,WEEKEND,1,0
1-6,10.0,6,WEEKEND,1,0
1-7,10.0,6,WEEKEND,1,0
1-8,10.0,6,WEEKEND,1,0
1-9,15.0,6,WEEKEND,1,0
1-10,22.0,6,WEEKEND,1,0
1-1,5.0,7,WEEKEND,1,0
1-2,6.0,7,WEEKEND,1,0
1-3,7.0,7,WEEKEND,1,0
1-4,8.0,7,WEEKEND,1,0
1-5,8.0,7,WEEKEND,1,0
1-6,10.0,7,WEEKEND,1,0
1-7,10.0,7,WEEKEND,1,0
1-8,10.0,7,WEEKEND,1,0
1-9,15.0,7,WEEKEND,1,0
1-10,22.0,7,WEEKEND,1,0
1-1,5.0,8,WEEKEND,1,0
1-2,6.0,8,WEEKEND,1,0
1-3,6.333333333333333,8,WEEKEND,1,0
1-4,8.0,8,WEEKEND,1,0
1-5,8.0,8,WEEKEND,1,0
1-6,10.0,8,WEEKEND,1,0
1-7,10.0,8,WEEKEND,1,0
1-8,10.0,8,WEEKEND,1,0
1-9,15.666666666666666,8,WEEKEND,1,0
1-10,22.0,8,WEEKEND,1,0
1-1,5.0,9,WEEKEND,1,0
1-2,6.0,9,WEEKEND,1,0
1-3,7.0,9,WEEKEND,1,0
1-4,8.0,9,WEEKEND,1,0
1-5,8.0,9,WEEKEND,1,0
1-6,9.5,9,WEEKEND,1,0
1-7,10.0,9,WEEKEND,1,0
1-8,10.0,9,WEEKEND,1,0
1-9,16.0,9,WEEKEND,1,0
1-10,22.0,9,WEEKEND,1,0
1-1,5.333333333333333,10,WEEKEND,1,0
1-2,5.833333333333333,10,WEEKEND,1,0
1-3,7.5,10,WEEKEND,1,0
1-4,8.166666666666666,10,WEEKEND,1,0
1-5,7.666666666666667,10,WEEKEND,1,0
1-6,9.833333333333334,10,WEEKEND,1,0
1-7,9.666666666666666,10,WEEKEND,1,0
1-8,10.0,10,WEEKEND,1,0
1-9,14.333333333333334,10,WEEKEND,1,0
1-10,22.5,10,WEEKEND,1,0
1-1,6.5,11,WEEKEND,1,0
1-2,6.5,11,WEEKEND,1,0
1-3,8.166666666666666,11,WEEKEND,1,0
1-4,8.0,11,WEEKEND,1,0
1-5,7.333333333333333,11,WEEKEND,1,0
1-6,11.0,11,WEEKEND,1,0
1-7,10.333333333333334,11,WEEKEND,1,0
1-8,10.166666666666666,11,WEEKEND,1,0
1-9,12.666666666666666,11,WEEKEND,1,0
1-10,19.5,11,WEEKEND,1,0
1-1,5.0,12,WEEKEND,1,0
1-2,8.833333333333334,12,WEEKEND,1,0
1-3,7.0,12,WEEKEND,1,0
1-4,7.5,12,WEEKEND,1,0
1-5,6.833333333333333,12,WEEKEND,1,0
1-6,11.0,12,WEEKEND,1,0
1-7,10.833333333333334,12,WEEKEND,1,0
1-8,9.666666666666666,12,WEEKEND,1,0
1-9,14.333333333333334,12,WEEKEND,1,0
1-10,18.666666666666668,12,WEEKEND,1,0
1-1,4.333333333333333,13,WEEKEND,1,0
1-2,5.833333333333333,13,WEEKEND,1,0
1-3,6.333333333333333,13,WEEKEND,1,0
1-4,8.833333333333334,13,WEEKEND,1,0
1-5,8.0,13,WEEKEND,1,0
1-6,9.833333333333334,13,WEEKEND,1,0
1-7,9.833333333333334,13,WEEKEND,1,0
1-8,8.833333333333334,13,WEEKEND,1,0
1-9,15.5,13,WEEKEND,1,0
1-10,23.666666666666668,13,WEEKEND,1,0
1-1,5.0,14,WEEKEND,1,0
1-2,6.0,14,WEEKEND,1,0
1-3,7.0,14,WEEKEND,1,0
1-4,8.0,14,WEEKEND,1,0
1-5,8.0,14,WEEKEND,1,0
1-6,10.0,14,WEEKEND,1,0
1-7,10.0,14,WEEKEND,1,0
1-8,10.0,14,WEEKEND,1,0
1-9,15.0,14,WEEKEND,1,0
1-10,22.0,14,WEEKEND,1,0
1-1,5.333333333333333,15,WEEKEND,1,0
1-2,5.5,15,WEEKEND,1,0
1-3,7.833333333333333,15,WEEKEND,1,0
1-4,7.166666666666667,15,WEEKEND,1,0
1-5,8.666666666666666,15,WEEKEND,1,0
1-6,10.333333333333334,15,WEEKEND,1,0
1-7,9.166666666666666,15,WEEKEND,1,0
1-8,9.833333333333334,15,WEEKEND,1,0
1-9,14.333333333333334,15,WEEKEND,1,0
1-10,22.0,15,WEEKEND,1,0
1-1,5.333333333333333,16,WEEKEND,1,0
1-2,6.0,16,WEEKEND,1,0
1-3,6.166666666666667,16,WEEKEND,1,0
1-4,7.833333333333333,16,WEEKEND,1,0
1-5,8.833333333333334,16,WEEKEND,1,0
1-6,9.833333333333334,16,WEEKEND,1,0
1-7,9.666666666666666,16,WEEKEND,1,0
1-8,10.166666666666666,16,WEEKEND,1,0
1-9,15.5,16,WEEKEND,1,0
1-10,20.333333333333332,16,WEEKEND,1,0
1-1,5.0,17,WEEKEND,1,0
1-2,6.0,17,WEEKEND,1,0
1-3,7.0,17,WEEKEND,1,0
1-4,8.0,17,WEEKEND,1,0
1-5,8.0,17,WEEKEND,1,0
1-6,10.0,17,WEEKEND,1,0
1-7,10.0,17,WEEKEND,1,0
1-8,10.0,17,WEEKEND,1,0
1-9,15.0,17,WEEKEND,1,0
1-10,22.0,17,WEEKEND,1,0
1-1,5.0,18,WEEKEND,1,0
1-2,6.0,18,WEEKEND,1,0
1-3,7.0,18,WEEKEND,1,0
1-4,8.0,18,WEEKEND,1,0
1-5,8.0,18,WEEKEND,1,0
1-6,10.0,18,WEEKEND,1,0
1-7,10.0,18,WEEKEND,1,0
1-8,10.0,18,WEEKEND,1,0
1-9,15.0,18,WEEKEND,1,0
1-10,22.0,18,WEEKEND,1,0
1-1,5.0,19,WEEKEND,1,0
1-2,6.0,19,WEEKEND,1,0
1-3,7.0,19,WEEKEND,1,0
1-4,8.0,19,WEEKEND,1,0
1-5,8.0,19,WEEKEND,1,0
1-6,10.0,19,WEEKEND,1,0
1-7,10.0,19,WEEKEND,1,0
1-8,10.0,19,WEEKEND,1,0
1-9,15.0,19,WEEKEND,1,0
1-10,22.0,19,WEEKEND,1,0
1-1,5.0,20,WEEKEND,1,0
1-2,6.0,20,WEEKEND,1,0
1-3,7.0,20,WEEKEND,1,0
1-4,8.0,20,WEEKEND,1,0
1-5,8.0,20,WEEKEND,1,0
1-6,10.0,20,WEEKEND,1,0
1-7,10.0,20,WEEKEND,1,0
1-8,10.0,20,WEEKEND,1,0
1-9,15.0,20,WEEKEND,1,0
1-10,22.0,20,WEEKEND,1,0
1-1,5.0,21,WEEKEND,1,0
1-2,6.0,21,WEEKEND,1,0
1-3,7.0,21,WEEKEND,1,0
1-4,8.0,21,WEEKEND,1,0
1-5,8.0,21,WEEKEND,1,0
1-6,10.0,21,WEEKEND,1,0
1-7,10.0,21,WEEKEND,1,0
1-8,10.0,21,WEEKEND,1,0
1-9,15.0,21,WEEKEND,1,0
1-10,22.0,21,WEEKEND,1,0
1-1,5.0,22,WEEKEND,1,0
1-2,6.0,22,WEEKEND,1,0
1-3,7.0,22,WEEKEND,1,0
1-4,8.0,22,WEEKEND,1,0
1-5,8.0,22,WEEKEND,1,0
1-6,10.0,22,WEEKEND,1,0
1-7,10.0,22,WEEKEND,1,0
1-8,10.0,22,WEEKEND,1,0
1-9,15.0,22,WEEKEND,1,0
1-10,22.0,22,WEEKEND,1,0
1-1,5.0,23,WEEKEND,1,0
1-2,6.0,23,WEEKEND,1,0
1-3,7.0,23,WEEKEND,1,0
1-4,8.0,23,WEEKEND,1,0
1-5,8.0,23,WEEKEND,1,0
1-6,10.0,23,WEEKEND,1,0
1-7,10.0,23,WEEKEND,1,0
1-8,10.0,23,WEEKEND,1,0
1-9,15.0,23,WEEKEND,1,0
1-10,22.0,23,WEEKEND,1,0
2-1,32.333333333333336,5,WEEKDAY,1,1
2-2,15.666666666666666,5,WEEKDAY,1,1
2-3,9.333333333333334,5,WEEKDAY,1,1
2-4,5.333333333333333,5,WEEKDAY,1,1
2-5,2.0,5,WEEKDAY,1,1
2-6,2.3333333333333335,5,WEEKDAY,1,1
2-7,4.333333333333333,5,WEEKDAY,1,1
2-8,4.333333333333333,5,WEEKDAY,1,1
2-9,8.333333333333334,5,WEEKDAY,1,1
2-10,16.333333333333332,5,WEEKDAY,1,1
2-1,22.833333333333332,6,WEEKDAY,1,1
2-2,18.333333333333332,6,WEEKDAY,1,1
2-3,11.666666666666666,6,WEEKDAY,1,1
2-4,8.333333333333334,6,WEEKDAY,1,1
2-5,3.6666666666666665,6,WEEKDAY,1,1
2-6,4.833333333333333,6,WEEKDAY,1,1
2-7,5.166666666666667,6,WEEKDAY,1,1
2-8,6.333333333333333,6,WEEKDAY,1,1
2-9,6.166666666666667,6,WEEKDAY,1,1
2-10,13.166666666666666,6,WEEKDAY,1,1
2-1,20.0,7,WEEKDAY,1,1
2-2,16.166666666666668,7,WEEKDAY,1,1
2-3,12.5,7,WEEKDAY,1,1
2-4,10.833333333333334,7,WEEKDAY,1,1
2-5,7.0,7,WEEKDAY,1,1
2-6,5.0,7,WEEKDAY,1,1
2-7,4.333333333333333,7,WEEKDAY,1,1
2-8,8.0,7,WEEKDAY,1,1
2-9,6.5,7,WEEKDAY,1,1
2-10,9.333333333333334,7,WEEKDAY,1,1
2-1,14.0,8,WEEKDAY,1,1
2-2,11.166666666666666,8,WEEKDAY,1,1
2-3,10.166666666666666,8,WEEKDAY,1,1
2-4,13.0,8,WEEKDAY,1,1
2-5,9.0,8,WEEKDAY,1,1
2-6,4.833333333333333,8,WEEKDAY,1,1
2-7,6.0,8,WEEKDAY,1,1
2-8,9.666666666666666,8,WEEKDAY,1,1
2-9,8.333333333333334,8,WEEKDAY,1,1
2-10,13.833333333333334,8,WEEKDAY,1,1
2-1,12.5,9,WEEKDAY,1,1
2-2,15.5,9,WEEKDAY,1,1
2-3,10.166666666666666,9,WEEKDAY,1,1
2-4,12.333333333333334,9,WEEKDAY,1,1
2-5,6.5,9,WEEKDAY,1,1
2-6,4.5,9,WEEKDAY,1,1
2-7,6.333333333333333,9,WEEKDAY,1,1
2-8,7.166666666666667,9,WEEKDAY,1,1
2-9,8.333333333333334,9,WEEKDAY,1,1
2-10,16.166666666666668,9,WEEKDAY,1,1
2-1,17.166666666666668,10,WEEKDAY,1,1
2-2,19.0,10,WEEKDAY,1,1
2-3,13.166666666666666,10,WEEKDAY,1,1
2-4,12.166666666666666,10,WEEKDAY,1,1
2-5,7.166666666666667,10,WEEKDAY,1,1
2-6,5.0,10,WEEKDAY,1,1
2-7,6.333333333333333,10,WEEKDAY,1,1
2-8,6.166666666666667,10,WEEKDAY,1,1
2-9,5.833333333333333,10,WEEKDAY,1,1
2-10,8.5,10,WEEKDAY,1,1
2-1,20.333333333333332,11,WEEKDAY,1,1
2-2,19.166666666666668,11,WEEKDAY,1,1
2-3,11.833333333333334,11,WEEKDAY,1,1
2-4,11.666666666666666,11,WEEKDAY,1,1
2-5,6.5,11,WEEKDAY,1,1
2-6,6.666666666666667,11,WEEKDAY,1,1
2-7,6.333333333333333,11,WEEKDAY,1,1
2-8,5.666666666666667,11,WEEKDAY,1,1
2-9,4.5,11,WEEKDAY,1,1
2-10,7.0,11,WEEKDAY,1,1
2-1,19.833333333333332,12,WEEKDAY,1,1
2-2,19.0,12,WEEKDAY,1,1
2-3,13.666666666666666,12,WEEKDAY,1,1
2-4,10.666666666666666,12,WEEKDAY,1,1
2-5,5.666666666666667,12,WEEKDAY,1,1
2-6,5.333333333333333,12,WEEKDAY,1,1
2-7,6.833333333333333,12,WEEKDAY,1,1
2-8,5.833333333333333,12,WEEKDAY,1,1
2-9,6.166666666666667,12,WEEKDAY,1,1
2-10,6.666666666666667,12,WEEKDAY,1,1
2-1,19.833333333333332,13,WEEKDAY,1,1
2-2,22.166666666666668,13,WEEKDAY,1,1
2-3,13.0,13,WEEKDAY,1,1
2-4,12.0,13,WEEKDAY,1,1
2-5,5.666666666666667,13,WEEKDAY,1,1
2-6,6.333333333333333,13,WEEKDAY,1,1
2-7,4.833333333333333,13,WEEKDAY,1,1
2-8,5.0,13,WEEKDAY,1,1
2-9,5.666666666666667,13,WEEKDAY,1,1
2-10,5.666666666666667,13,WEEKDAY,1,1
2-1,20.166666666666668,14,WEEKDAY,1,1
2-2,21.166666666666668,14,WEEKDAY,1,1
2-3,13.666666666666666,14,WEEKDAY,1,1
2-4,10.666666666666666,14,WEEKDAY,1,1
2-5,6.666666666666667,14,WEEKDAY,1,1
2-6,6.666666666666667,14,WEEKDAY,1,1
2-7,5.5,14,WEEKDAY,1,1
2-8,5.666666666666667,14,WEEKDAY,1,1
2-9,5.0,14,WEEKDAY,1,1
2-10,4.833333333333333,14,WEEKDAY,1,1
2-1,21.5,15,WEEKDAY,1,1
2-2,22.333333333333332,15,WEEKDAY,1,1
2-3,13.333333333333334,15,WEEKDAY,1,1
2-4,10.833333333333334,15,WEEKDAY,1,1
2-5,5.666666666666667,15,WEEKDAY,1,1
2-6,6.833333333333333,15,WEEKDAY,1,1
2-7,5.0,15,WEEKDAY,1,1
2-8,5.0,15,WEEKDAY,1,1
2-9,4.166666666666667,15,WEEKDAY,1,1
2-10,5.166666666666667,15,WEEKDAY,1,1
2-1,22.333333333333332,16,WEEKDAY,1,1
2-2,21.166666666666668,16,WEEKDAY,1,1
2-3,13.666666666666666,16,WEEKDAY,1,1
2-4,11.833333333333334,16,WEEKDAY,1,1
2-5,5.666666666666667,16,WEEKDAY,1,1
2-6,6.833333333333333,16,WEEKDAY,1,1
2-7,5.833333333333333,16,WEEKDAY,1,1
2-8,4.666666666666667,16,WEEKDAY,1,1
2-9,3.5,16,WEEKDAY,1,1
2-10,4.0,16,WEEKDAY,1,1
2-1,24.166666666666668,17,WEEKDAY,1,1
2-2,23.5,17,WEEKDAY,1,1
2-3,11.5,17,WEEKDAY,1,1
2-4,11.666666666666666,17,WEEKDAY,1,1
2-5,5.5,17,WEEKDAY,1,1
2-6,5.5,17,WEEKDAY,1,1
2-7,6.333333333333333,17,WEEKDAY,1,1
2-8,4.666666666666667,17,WEEKDAY,1,1
2-9,3.0,17,WEEKDAY,1,1
2-10,4.0,17,WEEKDAY,1,1
2-1,24.0,18,WEEKDAY,1,1
2-2,24.333333333333332,18,WEEKDAY,1,1
2-3,12.166666666666666,18,WEEKDAY,1,1
2-4,10.166666666666666,18,WEEKDAY,1,1
2-5,5.833333333333333,18,WEEKDAY,1,1
2-6,5.666666666666667,18,WEEKDAY,1,1
2-7,5.333333333333333,18,WEEKDAY,1,1
2-8,5.166666666666667,18,WEEKDAY,1,1
2-9,3.3333333333333335,18,WEEKDAY,1,1
2-10,3.6666666666666665,18,WEEKDAY,1,1
2-1,24.666666666666668,19,WEEKDAY,1,1
2-2,24.333333333333332,19,WEEKDAY,1,1
2-3,11.333333333333334,19,WEEKDAY,1,1
2-4,10.333333333333334,19,WEEKDAY,1,1
2-5,5.666666666666667,19,WEEKDAY,1,1
2-6,3.6666666666666665,19,WEEKDAY,1,1
2-7,6.833333333333333,19,WEEKDAY,1,1
2-8,4.5,19,WEEKDAY,1,1
2-9,4.0,19,WEEKDAY,1,1
2-10,4.666666666666667,19,WEEKDAY,1,1
2-1,24.166666666666668,20,WEEKDAY,1,1
2-2,23.333333333333332,20,WEEKDAY,1,1
2-3,13.166666666666666,20,WEEKDAY,1,1
2-4,10.666666666666666,20,WEEKDAY,1,1
2-5,6.166666666666667,20,WEEKDAY,1,1
2-6,3.8333333333333335,20,WEEKDAY,1,1
2-7,6.333333333333333,20,WEEKDAY,1,1
2-8,4.666666666666667,20,WEEKDAY,1,1
2-9,3.8333333333333335,20,WEEKDAY,1,1
2-10,3.8333333333333335,20,WEEKDAY,1,1
2-1,21.0,21,WEEKDAY,1,1
2-2,19.833333333333332,21,WEEKDAY,1,1
2-3,12.5,21,WEEKDAY,1,1
2-4,10.833333333333334,21,WEEKDAY,1,1
2-5,6.166666666666667,21,WEEKDAY,1,1
2-6,4.833333333333333,21,WEEKDAY,1,1
2-7,6.0,21,WEEKDAY,1,1
2-8,5.666666666666667,21,WEEKDAY,1,1
2-9,5.0,21,WEEKDAY,1,1
2-10,7.0,21,WEEKDAY,1,1
2-1,20.0,22,WEEKDAY,1,1
2-2,19.0,22,WEEKDAY,1,1
2-3,12.0,22,WEEKDAY,1,1
2-4,11.0,22,WEEKDAY,1,1
2-5,6.0,22,WEEKDAY,1,1
2-6,5.0,22,WEEKDAY,1,1
2-7,6.0,22,WEEKDAY,1,1
2-8,6.0,22,WEEKDAY,1,1
2-9,5.0,22,WEEKDAY,1,1
2-10,8.0,22,WEEKDAY,1,1
2-1,20.0,23,WEEKDAY,1,1
2-2,19.0,23,WEEKDAY,1,1
2-3,12.0,23,WEEKDAY,1,1
2-4,11.0,23,WEEKDAY,1,1
2-5,6.0,23,WEEKDAY,1,1
2-6,5.0,23,WEEKDAY,1,1
2-7,6.0,23,WEEKDAY,1,1
2-8,6.0,23,WEEKDAY,1,1
2-9,5.0,23,WEEKDAY,1,1
2-10,8.0,23,WEEKDAY,1,1
2-1,21.0,5,WEEKEND,1,1
2-2,20.0,5,WEEKEND,1,1
2-3,13.0,5,WEEKEND,1,1
2-4,11.0,5,WEEKEND,1,1
2-5,7.0,5,WEEKEND,1,1
2-6,6.0,5,WEEKEND,1,1
2-7,6.0,5,WEEKEND,1,1
2-8,5.0,5,WEEKEND,1,1
2-9,5.0,5,WEEKEND,1,1
2-10,5.0,5,WEEKEND,1,1
2-1,21.0,6,WEEKEND,1,1
2-2,20.0,6,WEEKEND,1,1
2-3,13.0,6,WEEKEND,1,1
2-4,11.5,6,WEEKEND,1,1
2-5,7.0,6,WEEKEND,1,1
2-6,6.0,6,WEEKEND,1,1
2-7,6.0,6,WEEKEND,1,1
2-8,5.0,6,WEEKEND,1,1
2-9,5.0,6,WEEKEND,1,1
2-10,5.0,6,WEEKEND,1,1
2-1,21.0,7,WEEKEND,1,1
2-2,20.0,7,WEEKEND,1,1
2-3,13.0,7,WEEKEND,1,1
2-4,11.666666666666666,7,WEEKEND,1,1
2-5,7.0,7,WEEKEND,1,1
2-6,6.0,7,WEEKEND,1,1
2-7,6.0,7,WEEKEND,1,1
2-8,5.0,7,WEEKEND,1,1
2-9,5.0,7,WEEKEND,1,1
2-10,5.0,7,WEEKEND,1,1
2-1,21.166666666666668,8,WEEKEND,1,1
2-2,19.833333333333332,8,WEEKEND,1,1
2-3,13.0,8,WEEKEND,1,1
2-4,11.5,8,WEEKEND,1,1
2-5,7.166666666666667,8,WEEKEND,1,1
2-6,5.833333333333333,8,WEEKEND,1,1
2-7,6.166666666666667,8,WEEKEND,1,1
2-8,5.0,8,WEEKEND,1,1
2-9,4.833333333333333,8,WEEKEND,1,1
2-10,5.166666666666667,8,WEEKEND,1,1
2-1,22.666666666666668,9,WEEKEND,1,1
2-2,17.333333333333332,9,WEEKEND,1,1
2-3,12.666666666666666,9,WEEKEND,1,1
2-4,11.833333333333334,9,WEEKEND,1,1
2-5,7.833333333333333,9,WEEKEND,1,1
2-6,5.666666666666667,9,WEEKEND,1,1
2-7,6.833333333333333,9,WEEKEND,1,1
2-8,5.166666666666667,9,WEEKEND,1,1
2-9,4.333333333333333,9,WEEKEND,1,1
2-10,6.333333333333333,9,WEEKEND,1,1
2-1,21.0,10,WEEKEND,1,1
2-2,20.0,10,WEEKEND,1,1
2-3,13.0,10,WEEKEND,1,1
2-4,11.833333333333334,10,WEEKEND,1,1
2-5,7.0,10,WEEKEND,1,1
2-6,6.0,10,WEEKEND,1,1
2-7,6.0,10,WEEKEND,1,1
2-8,5.0,10,WEEKEND,1,1
2-9,5.0,10,WEEKEND,1,1
2-10,5.0,10,WEEKEND,1,1
2-1,21.0,11,WEEKEND,1,1
2-2,20.0,11,WEEKEND,1,1
2-3,13.0,11,WEEKEND,1,1
2-4,11.5,11,WEEKEND,1,1
2-5,7.0,11,WEEKEND,1,1
2-6,6.0,11,WEEKEND,1,1
2-7,6.0,11,WEEKEND,1,1
2-8,5.0,11,WEEKEND,1,1
2-9,5.0,11,WEEKEND,1,1
2-10,5.0,11,WEEKEND,1,1
2-1,20.666666666666668,12,WEEKEND,1,1
2-2,20.333333333333332,12,WEEKEND,1,1
2-3,13.0,12,WEEKEND,1,1
2-4,12.0,12,WEEKEND,1,1
2-5,7.0,12,WEEKEND,1,1
2-6,6.0,12,WEEKEND,1,1
2-7,5.833333333333333,12,WEEKEND,1,1
2-8,5.0,12,WEEKEND,1,1
2-9,5.166666666666667,12,WEEKEND,1,1
2-10,4.833333333333333,12,WEEKEND,1,1
2-1,19.833333333333332,13,WEEKEND,1,1
2-2,20.5,13,WEEKEND,1,1
2-3,14.0,13,WEEKEND,1,1
2-4,11.0,13,WEEKEND,1,1
2-5,7.833333333333333,13,WEEKEND,1,1
2-6,5.666666666666667,13,WEEKEND,1,1
2-7,5.833333333333333,13,WEEKEND,1,1
2-8,5.166666666666667,13,WEEKEND,1,1
2-9,5.333333333333333,13,WEEKEND,1,1
2-10,4.666666666666667,13,WEEKEND,1,1
2-1,19.0,14,WEEKEND,1,1
2-2,21.333333333333332,14,WEEKEND,1,1
2-3,12.333333333333334,14,WEEKEND,1,1
2-4,10.5,14,WEEKEND,1,1
2-5,7.666666666666667,14,WEEKEND,1,1
2-6,5.5,14,WEEKEND,1,1
2-7,6.5,14,WEEKEND,1,1
2-8,5.0,14,WEEKEND,1,1
2-9,6.333333333333333,14,WEEKEND,1,1
2-10,4.666666666666667,14,WEEKEND,1,1
2-1,22.0,15,WEEKEND,1,1
2-2,19.0,15,WEEKEND,1,1
2-3,12.666666666666666,15,WEEKEND,1,1
2-4,11.0,15,WEEKEND,1,1
2-5,8.333333333333334,15,WEEKEND,1,1
2-6,7.333333333333333,15,WEEKEND,1,1
2-7,6.166666666666667,15,WEEKEND,1,1
2-8,6.166666666666667,15,WEEKEND,1,1
2-9,4.5,15,WEEKEND,1,1
2-10,3.3333333333333335,15,WEEKEND,1,1
2-1,21.333333333333332,16,WEEKEND,1,1
2-2,19.5,16,WEEKEND,1,1
2-3,12.0,16,WEEKEND,1,1
2-4,12.0,16,WEEKEND,1,1
2-5,8.0,16,WEEKEND,1,1
2-6,6.333333333333333,16,WEEKEND,1,1
2-7,5.166666666666667,16,WEEKEND,1,1
2-8,5.333333333333333,16,WEEKEND,1,1
2-9,4.166666666666667,16,WEEKEND,1,1
2-10,5.833333333333333,16,WEEKEND,1,1
2-1,21.166666666666668,17,WEEKEND,1,1
2-2,20.166666666666668,17,WEEKEND,1,1
2-3,12.833333333333334,17,WEEKEND,1,1
2-4,12.5,17,WEEKEND,1,1
2-5,7.333333333333333,17,WEEKEND,1,1
2-6,6.833333333333333,17,WEEKEND,1,1
2-7,5.333333333333333,17,WEEKEND,1,1
2-8,4.5,17,WEEKEND,1,1
2-9,4.166666666666667,17,WEEKEND,1,1
2-10,5.166666666666667,17,WEEKEND,1,1
2-1,21.0,18,WEEKEND,1,1
2-2,20.0,18,WEEKEND,1,1
2-3,13.166666666666666,18,WEEKEND,1,1
2-4,11.333333333333334,18,WEEKEND,1,1
2-5,6.833333333333333,18,WEEKEND,1,1
2-6,6.0,18,WEEKEND,1,1
2-7,6.166666666666667,18,WEEKEND,1,1
2-8,5.0,18,WEEKEND,1,1
2-9,5.0,18,WEEKEND,1,1
2-10,4.833333333333333,18,WEEKEND,1,1
2-1,21.0,19,WEEKEND,1,1
2-2,20.0,19,WEEKEND,1,1
2-3,13.0,19,WEEKEND,1,1
2-4,11.666666666666666,19,WEEKEND,1,1
2-5,7.0,19,WEEKEND,1,1
2-6,6.0,19,WEEKEND,1,1
2-7,6.0,19,WEEKEND,1,1
2-8,5.0,19,WEEKEND,1,1
2-9,5.0,19,WEEKEND,1,1
2-10,5.0,19,WEEKEND,1,1
2-1,21.0,20,WEEKEND,1,1
2-2,20.0,20,WEEKEND,1,1
2-3,13.0,20,WEEKEND,1,1
2-4,12.0,20,WEEKEND,1,1
2-5,7.0,20,WEEKEND,1,1
2-6,6.0,20,WEEKEND,1,1
2-7,6.0,20,WEEKEND,1,1
2-8,5.0,20,WEEKEND,1,1
2-9,5.0,20,WEEKEND,1,1
2-10,5.0,20,WEEKEND,1,1
2-1,21.0,21,WEEKEND,1,1
2-2,20.0,21,WEEKEND,1,1
2-3,13.0,21,WEEKEND,1,1
2-4,11.5,21,WEEKEND,1,1
2-5,7.0,21,WEEKEND,1,1
2-6,6.0,21,WEEKEND,1,1
2-7,6.0,21,WEEKEND,1,1
2-8,5.0,21,WEEKEND,1,1
2-9,5.0,21,WEEKEND,1,1
2-10,5.0,21,WEEKEND,1,1
2-1,21.0,22,WEEKEND,1,1
2-2,20.0,22,WEEKEND,1,1
2-3,13.0,22,WEEKEND,1,1
2-4,11.5,22,WEEKEND,1,1
2-5,7.0,22,WEEKEND,1,1
2-6,6.0,22,WEEKEND,1,1
2-7,6.0,22,WEEKEND,1,1
2-8,5.0,22,WEEKEND,1,1
2-9,5.0,22,WEEKEND,1,1
2-10,5.0,22,WEEKEND,1,1
2-1,21.0,23,WEEKEND,1,1
2-2,20.0,23,WEEKEND,1,1
2-3,13.0,23,WEEKEND,1,1
2-4,11.0,23,WEEKEND,1,1
2-5,7.0,23,WEEKEND,1,1
2-6,6.0,23,WEEKEND,1,1
2-7,6.0,23,WEEKEND,1,1
2-8,5.0,23,WEEKEND,1,1
2-9,5.0,23,WEEKEND,1,1
2-10,5.0,23,WEEKEND,1,1
3-1,25.0,5,WEEKDAY,4,0
3-2,15.0,5,WEEKDAY,4,0
3-3,13.0,5,WEEKDAY,4,0
3-4,10.0,5,WEEKDAY,4,0
3-5,8.0,5,WEEKDAY,4,0
3-6,7.0,5,WEEKDAY,4,0
3-7,6.0,5,WEEKDAY,4,0
3-8,5.0,5,WEEKDAY,4,0
3-9,5.0,5,WEEKDAY,4,0
3-10,5.0,5,WEEKDAY,4,0
3-1,29.166666666666668,6,WEEKDAY,4,0
3-2,17.0,6,WEEKDAY,4,0
3-3,12.833333333333334,6,WEEKDAY,4,0
3-4,10.666666666666666,6,WEEKDAY,4,0
3-5,6.333333333333333,6,WEEKDAY,4,0
3-6,5.166666666666667,6,WEEKDAY,4,0
3-7,5.0,6,WEEKDAY,4,0
3-8,3.8333333333333335,6,WEEKDAY,4,0
3-9,4.166666666666667,6,WEEKDAY,4,0
3-10,5.166666666666667,6,WEEKDAY,4,0
3-1,31.833333333333332,7,WEEKDAY,4,0
3-2,18.333333333333332,7,WEEKDAY,4,0
3-3,13.666666666666666,7,WEEKDAY,4,0
3-4,9.333333333333334,7,WEEKDAY,4,0
3-5,5.333333333333333,7,WEEKDAY,4,0
3-6,4.5,7,WEEKDAY,4,0
3-7,4.333333333333333,7,WEEKDAY,4,0
3-8,4.0,7,WEEKDAY,4,0
3-9,4.333333333333333,7,WEEKDAY,4,0
3-10,4.5,7,WEEKDAY,4,0
3-1,33.333333333333336,8,WEEKDAY,4,0
3-2,15.666666666666666,8,WEEKDAY,4,0
3-3,10.166666666666666,8,WEEKDAY,4,0
3-4,7.833333333333333,8,WEEKDAY,4,0
3-5,5.0,8,WEEKDAY,4,0
3-6,4.833333333333333,8,WEEKDAY,4,0
3-7,5.166666666666667,8,WEEKDAY,4,0
3-8,6.333333333333333,8,WEEKDAY,4,0
3-9,5.833333333333333,8,WEEKDAY,4,0
3-10,6.0,8,WEEKDAY,4,0
3-1,33.833333333333336,9,WEEKDAY,4,0
3-2,17.166666666666668,9,WEEKDAY,4,0
3-3,9.0,9,WEEKDAY,4,0
3-4,6.833333333333333,9,WEEKDAY,4,0
3-5,6.333333333333333,9,WEEKDAY,4,0
3-6,4.166666666666667,9,WEEKDAY,4,0
3-7,5.0,9,WEEKDAY,4,0
3-8,5.166666666666667,9,WEEKDAY,4,0
3-9,5.666666666666667,9,WEEKDAY,4,0
3-10,6.5,9,WEEKDAY,4,0
3-1,27.666666666666668,10,WEEKDAY,4,0
3-2,17.0,10,WEEKDAY,4,0
3-3,11.333333333333334,10,WEEKDAY,4,0
3-4,8.166666666666666,10,WEEKDAY,4,0
3-5,6.666666666666667,10,WEEKDAY,4,0
3-6,6.166666666666667,10,WEEKDAY,4,0
3-7,5.833333333333333,10,WEEKDAY,4,0
3-8,5.833333333333333,10,WEEKDAY,4,0
3-9,5.166666666666667,10,WEEKDAY,4,0
3-10,6.0,10,WEEKDAY,4,0
3-1,25.833333333333332,11,WEEKDAY,4,0
3-2,15.166666666666666,11,WEEKDAY,4,0
3-3,11.0,11,WEEKDAY,4,0
3-4,9.5,11,WEEKDAY,4,0
3-5,8.5,11,WEEKDAY,4,0
3-6,7.166666666666667,11,WEEKDAY,4,0
3-7,6.0,11,WEEKDAY,4,0
3-8,5.166666666666667,11,WEEKDAY,4,0
3-9,4.833333333333333,11,WEEKDAY,4,0
3-10,6.5,11,WEEKDAY,4,0
3-1,23.166666666666668,12,WEEKDAY,4,0
3-2,15.166666666666666,12,WEEKDAY,4,0
3-3,10.666666666666666,12,WEEKDAY,4,0
3-4,8.0,12,WEEKDAY,4,0
3-5,8.333333333333334,12,WEEKDAY,4,0
3-6,9.0,12,WEEKDAY,4,0
3-7,7.0,12,WEEKDAY,4,0
3-8,6.166666666666667,12,WEEKDAY,4,0
3-9,5.833333333333333,12,WEEKDAY,4,0
3-10,7.0,12,WEEKDAY,4,0
3-1,20.666666666666668,13,WEEKDAY,4,0
3-2,13.666666666666666,13,WEEKDAY,4,0
3-3,10.666666666666666,13,WEEKDAY,4,0
3-4,9.333333333333334,13,WEEKDAY,4,0
3-5,9.0,13,WEEKDAY,4,0
3-6,9.333333333333334,13,WEEKDAY,4,0
3-7,8.0,13,WEEKDAY,4,0
3-8,5.5,13,WEEKDAY,4,0
3-9,7.5,13,WEEKDAY,4,0
3-10,6.0,13,WEEKDAY,4,0
3-1,21.333333333333332,14,WEEKDAY,4,0
3-2,11.833333333333334,14,WEEKDAY,4,0
3-3,13.0,14,WEEKDAY,4,0
3-4,10.833333333333334,14,WEEKDAY,4,0
3-5,10.166666666666666,14,WEEKDAY,4,0
3-6,9.333333333333334,14,WEEKDAY,4,0
3-7,6.0,14,WEEKDAY,4,0
3-8,5.0,14,WEEKDAY,4,0
3-9,6.666666666666667,14,WEEKDAY,4,0
3-10,5.666666666666667,14,WEEKDAY,4,0
3-1,20.166666666666668,15,WEEKDAY,4,0
3-2,14.166666666666666,15,WEEKDAY,4,0
3-3,10.5,15,WEEKDAY,4,0
3-4,10.833333333333334,15,WEEKDAY,4,0
3-5,10.166666666666666,15,WEEKDAY,4,0
3-6,9.333333333333334,15,WEEKDAY,4,0
3-7,7.5,15,WEEKDAY,4,0
3-8,6.0,15,WEEKDAY,4,0
3-9,5.833333333333333,15,WEEKDAY,4,0
3-10,6.0,15,WEEKDAY,4,0
3-1,20.666666666666668,16,WEEKDAY,4,0
3-2,12.0,16,WEEKDAY,4,0
3-3,10.333333333333334,16,WEEKDAY,4,0
3-4,10.5,16,WEEKDAY,4,0
3-5,10.333333333333334,16,WEEKDAY,4,0
3-6,10.166666666666666,16,WEEKDAY,4,0
3-7,6.0,16,WEEKDAY,4,0
3-8,5.833333333333333,16,WEEKDAY,4,0
3-9,6.166666666666667,16,WEEKDAY,4,0
3-10,7.0,16,WEEKDAY,4,0
3-1,19.833333333333332,17,WEEKDAY,4,0
3-2,11.0,17,WEEKDAY,4,0
3-3,11.333333333333334,17,WEEKDAY,4,0
3-4,14.666666666666666,17,WEEKDAY,4,0
3-5,9.0,17,WEEKDAY,4,0
3-6,9.166666666666666,17,WEEKDAY,4,0
3-7,6.0,17,WEEKDAY,4,0
3-8,5.666666666666667,17,WEEKDAY,4,0
3-9,5.833333333333333,17,WEEKDAY,4,0
3-10,7.166666666666667,17,WEEKDAY,4,0
3-1,19.0,18,WEEKDAY,4,0
3-2,12.0,18,WEEKDAY,4,0
3-3,15.166666666666666,18,WEEKDAY,4,0
3-4,14.166666666666666,18,WEEKDAY,4,0
3-5,10.333333333333334,18,WEEKDAY,4,0
3-6,7.166666666666667,18,WEEKDAY,4,0
3-7,5.5,18,WEEKDAY,4,0
3-8,4.666666666666667,18,WEEKDAY,4,0
3-9,5.666666666666667,18,WEEKDAY,4,0
3-10,5.666666666666667,18,WEEKDAY,4,0
3-1,18.666666666666668,19,WEEKDAY,4,0
3-2,12.666666666666666,19,WEEKDAY,4,0
3-3,14.166666666666666,19,WEEKDAY,4,0
3-4,13.833333333333334,19,WEEKDAY,4,0
3-5,9.166666666666666,19,WEEKDAY,4,0
3-6,4.166666666666667,19,WEEKDAY,4,0
3-7,7.0,19,WEEKDAY,4,0
3-8,7.166666666666667,19,WEEKDAY,4,0
3-9,6.5,19,WEEKDAY,4,0
3-10,7.333333333333333,19,WEEKDAY,4,0
3-1,20.333333333333332,20,WEEKDAY,4,0
3-2,12.333333333333334,20,WEEKDAY,4,0
3-3,14.666666666666666,20,WEEKDAY,4,0
3-4,13.333333333333334,20,WEEKDAY,4,0
3-5,9.833333333333334,20,WEEKDAY,4,0
3-6,7.666666666666667,20,WEEKDAY,4,0
3-7,5.5,20,WEEKDAY,4,0
3-8,4.166666666666667,20,WEEKDAY,4,0
3-9,6.666666666666667,20,WEEKDAY,4,0
3-10,5.333333333333333,20,WEEKDAY,4,0
3-1,17.666666666666668,21,WEEKDAY,4,0
3-2,14.166666666666666,21,WEEKDAY,4,0
3-3,11.666666666666666,21,WEEKDAY,4,0
3-4,15.333333333333334,21,WEEKDAY,4,0
3-5,9.166666666666666,21,WEEKDAY,4,0
3-6,9.166666666666666,21,WEEKDAY,4,0
3-7,6.166666666666667,21,WEEKDAY,4,0
3-8,5.333333333333333,21,WEEKDAY,4,0
3-9,5.666666666666667,21,WEEKDAY,4,0
3-10,5.5,21,WEEKDAY,4,0
3-1,20.333333333333332,22,WEEKDAY,4,0
3-2,13.5,22,WEEKDAY,4,0
3-3,15.666666666666666,22,WEEKDAY,4,0
3-4,13.5,22,WEEKDAY,4,0
3-5,8.833333333333334,22,WEEKDAY,4,0
3-6,6.0,22,WEEKDAY,4,0
3-7,6.5,22,WEEKDAY,4,0
3-8,6.5,22,WEEKDAY,4,0
3-9,4.666666666666667,22,WEEKDAY,4,0
3-10,5.0,22,WEEKDAY,4,0
3-1,25.0,23,WEEKDAY,4,0
3-2,15.0,23,WEEKDAY,4,0
3-3,13.0,23,WEEKDAY,4,0
3-4,10.0,23,WEEKDAY,4,0
3-5,8.0,23,WEEKDAY,4,0
3-6,7.0,23,WEEKDAY,4,0
3-7,6.0,23,WEEKDAY,4,0
3-8,5.0,23,WEEKDAY,4,0
3-9,5.0,23,WEEKDAY,4,0
3-10,5.0,23,WEEKDAY,4,0
3-1,22.0,5,WEEKEND,4,0
3-2,14.0,5,WEEKEND,4,0
3-3,12.0,5,WEEKEND,4,0
3-4,11.0,5,WEEKEND,4,0
3-5,7.0,5,WEEKEND,4,0
3-6,8.0,5,WEEKEND,4,0
3-7,7.0,5,WEEKEND,4,0
3-8,6.0,5,WEEKEND,4,0
3-9,6.0,5,WEEKEND,4,0
3-10,7.0,5,WEEKEND,4,0
3-1,22.0,6,WEEKEND,4,0
3-2,14.0,6,WEEKEND,4,0
3-3,12.0,6,WEEKEND,4,0
3-4,11.0,6,WEEKEND,4,0
3-5,7.0,6,WEEKEND,4,0
3-6,8.0,6,WEEKEND,4,0
3-7,7.0,6,WEEKEND,4,0
3-8,6.0,6,WEEKEND,4,0
3-9,6.0,6,WEEKEND,4,0
3-10,7.0,6,WEEKEND,4,0
3-1,22.5,7,WEEKEND,4,0
3-2,14.166666666666666,7,WEEKEND,4,0
3-3,11.833333333333334,7,WEEKEND,4,0
3-4,10.666666666666666,7,WEEKEND,4,0
3-5,6.833333333333333,7,WEEKEND,4,0
3-6,8.333333333333334,7,WEEKEND,4,0
3-7,6.833333333333333,7,WEEKEND,4,0
3-8,6.0,7,WEEKEND,4,0
3-9,6.166666666666667,7,WEEKEND,4,0
3-10,6.666666666666667,7,WEEKEND,4,0
3-1,23.666666666666668,8,WEEKEND,4,0
3-2,14.5,8,WEEKEND,4,0
3-3,12.166666666666666,8,WEEKEND,4,0
3-4,10.166666666666666,8,WEEKEND,4,0
3-5,7.0,8,WEEKEND,4,0
3-6,7.166666666666667,8,WEEKEND,4,0
3-7,6.666666666666667,8,WEEKEND,4,0
3-8,6.166666666666667,8,WEEKEND,4,0
3-9,6.333333333333333,8,WEEKEND,4,0
3-10,5.833333333333333,8,WEEKEND,4,0
3-1,22.5,9,WEEKEND,4,0
3-2,19.333333333333332,9,WEEKEND,4,0
3-3,12.833333333333334,9,WEEKEND,4,0
3-4,7.666666666666667,9,WEEKEND,4,0
3-5,6.833333333333333,9,WEEKEND,4,0
3-6,6.5,9,WEEKEND,4,0
3-7,6.666666666666667,9,WEEKEND,4,0
3-8,5.0,9,WEEKEND,4,0
3-9,8.0,9,WEEKEND,4,0
3-10,4.5,9,WEEKEND,4,0
3-1,25.166666666666668,10,WEEKEND,4,0
3-2,17.0,10,WEEKEND,4,0
3-3,10.833333333333334,10,WEEKEND,4,0
3-4,8.666666666666666,10,WEEKEND,4,0
3-5,7.5,10,WEEKEND,4,0
3-6,5.5,10,WEEKEND,4,0
3-7,5.666666666666667,10,WEEKEND,4,0
3-8,5.833333333333333,10,WEEKEND,4,0
3-9,6.166666666666667,10,WEEKEND,4,0
3-10,7.833333333333333,10,WEEKEND,4,0
3-1,25.166666666666668,11,WEEKEND,4,0
3-2,15.5,11,WEEKEND,4,0
3-3,10.166666666666666,11,WEEKEND,4,0
3-4,10.5,11,WEEKEND,4,0
3-5,6.5,11,WEEKEND,4,0
3-6,8.833333333333334,11,WEEKEND,4,0
3-7,6.666666666666667,11,WEEKEND,4,0
3-8,4.666666666666667,11,WEEKEND,4,0
3-9,5.5,11,WEEKEND,4,0
3-10,6.833333333333333,11,WEEKEND,4,0
3-1,23.0,12,WEEKEND,4,0
3-2,12.0,12,WEEKEND,4,0
3-3,10.833333333333334,12,WEEKEND,4,0
3-4,9.666666666666666,12,WEEKEND,4,0
3-5,8.0,12,WEEKEND,4,0
3-6,8.166666666666666,12,WEEKEND,4,0
3-7,8.333333333333334,12,WEEKEND,4,0
3-8,5.333333333333333,12,WEEKEND,4,0
3-9,7.0,12,WEEKEND,4,0
3-10,7.5,12,WEEKEND,4,0
3-1,22.833333333333332,13,WEEKEND,4,0
3-2,13.0,13,WEEKEND,4,0
3-3,11.0,13,WEEKEND,4,0
3-4,11.166666666666666,13,WEEKEND,4,0
3-5,7.333333333333333,13,WEEKEND,4,0
3-6,10.0,13,WEEKEND,4,0
3-7,5.666666666666667,13,WEEKEND,4,0
3-8,6.0,13,WEEKEND,4,0
3-9,4.833333333333333,13,WEEKEND,4,0
3-10,8.166666666666666,13,WEEKEND,4,0
3-1,18.333333333333332,14,WEEKEND,4,0
3-2,12.666666666666666,14,WEEKEND,4,0
3-3,11.333333333333334,14,WEEKEND,4,0
3-4,9.333333333333334,14,WEEKEND,4,0
3-5,7.5,14,WEEKEND,4,0
3-6,10.333333333333334,14,WEEKEND,4,0
3-7,8.333333333333334,14,WEEKEND,4,0
3-8,6.833333333333333,14,WEEKEND,4,0
3-9,7.833333333333333,14,WEEKEND,4,0
3-10,8.0,14,WEEKEND,4,0
3-1,16.5,15,WEEKEND,4,0
3-2,15.333333333333334,15,WEEKEND,4,0
3-3,12.333333333333334,15,WEEKEND,4,0
3-4,12.333333333333334,15,WEEKEND,4,0
3-5,8.166666666666666,15,WEEKEND,4,0
3-6,8.666666666666666,15,WEEKEND,4,0
3-7,8.166666666666666,15,WEEKEND,4,0
3-8,5.666666666666667,15,WEEKEND,4,0
3-9,5.166666666666667,15,WEEKEND,4,0
3-10,7.833333333333333,15,WEEKEND,4,0
3-1,18.166666666666668,16,WEEKEND,4,0
3-2,14.0,16,WEEKEND,4,0
3-3,10.5,16,WEEKEND,4,0
3-4,12.5,16,WEEKEND,4,0
3-5,5.833333333333333,16,WEEKEND,4,0
3-6,10.833333333333334,16,WEEKEND,4,0
3-7,8.0,16,WEEKEND,4,0
3-8,6.0,16,WEEKEND,4,0
3-9,5.5,16,WEEKEND,4,0
3-10,8.666666666666666,16,WEEKEND,4,0
3-1,22.0,17,WEEKEND,4,0
3-2,12.166666666666666,17,WEEKEND,4,0
3-3,12.5,17,WEEKEND,4,0
3-4,12.666666666666666,17,WEEKEND,4,0
3-5,6.666666666666667,17,WEEKEND,4,0
3-6,7.833333333333333,17,WEEKEND,4,0
3-7,6.5,17,WEEKEND,4,0
3-8,7.833333333333333,17,WEEKEND,4,0
3-9,5.166666666666667,17,WEEKEND,4,0
3-10,7.166666666666667,17,WEEKEND,4,0
3-1,21.5,18,WEEKEND,4,0
3-2,13.5,18,WEEKEND,4,0
3-3,14.166666666666666,18,WEEKEND,4,0
3-4,11.833333333333334,18,WEEKEND,4,0
3-5,7.0,18,WEEKEND,4,0
3-6,8.666666666666666,18,WEEKEND,4,0
3-7,6.5,18,WEEKEND,4,0
3-8,6.5,18,WEEKEND,4,0
3-9,5.333333333333333,18,WEEKEND,4,0
3-10,5.833333333333333,18,WEEKEND,4,0
3-1,16.0,19,WEEKEND,4,0
3-2,13.0,19,WEEKEND,4,0
3-3,14.833333333333334,19,WEEKEND,4,0
3-4,11.666666666666666,19,WEEKEND,4,0
3-5,9.666666666666666,19,WEEKEND,4,0
3-6,8.833333333333334,19,WEEKEND,4,0
3-7,6.833333333333333,19,WEEKEND,4,0
3-8,5.333333333333333,19,WEEKEND,4,0
3-9,7.0,19,WEEKEND,4,0
3-10,7.0,19,WEEKEND,4,0
3-1,22.0,20,WEEKEND,4,0
3-2,14.0,20,WEEKEND,4,0
3-3,12.0,20,WEEKEND,4,0
3-4,11.0,20,WEEKEND,4,0
3-5,7.0,20,WEEKEND,4,0
3-6,8.0,20,WEEKEND,4,0
3-7,7.0,20,WEEKEND,4,0
3-8,6.0,20,WEEKEND,4,0
3-9,6.0,20,WEEKEND,4,0
3-10,7.0,20,WEEKEND,4,0
3-1,22.0,21,WEEKEND,4,0
3-2,14.0,21,WEEKEND,4,0
3-3,12.0,21,WEEKEND,4,0
3-4,11.0,21,WEEKEND,4,0
3-5,7.0,21,WEEKEND,4,0
3-6,8.0,21,WEEKEND,4,0
3-7,7.0,21,WEEKEND,4,0
3-8,6.0,21,WEEKEND,4,0
3-9,6.0,21,WEEKEND,4,0
3-10,7.0,21,WEEKEND,4,0
3-1,22.0,22,WEEKEND,4,0
3-2,14.0,22,WEEKEND,4,0
3-3,12.0,22,WEEKEND,4,0
3-4,11.0,22,WEEKEND,4,0
3-5,7.0,22,WEEKEND,4,0
3-6,8.0,22,WEEKEND,4,0
3-7,7.0,22,WEEKEND,4,0
3-8,6.0,22,WEEKEND,4,0
3-9,6.0,22,WEEKEND,4,0
3-10,7.0,22,WEEKEND,4,0
3-1,22.0,23,WEEKEND,4,0
3-2,14.0,23,WEEKEND,4,0
3-3,12.0,23,WEEKEND,4,0
3-4,11.0,23,WEEKEND,4,0
3-5,7.0,23,WEEKEND,4,0
3-6,8.0,23,WEEKEND,4,0
3-7,7.0,23,WEEKEND,4,0
3-8,6.0,23,WEEKEND,4,0
3-9,6.0,23,WEEKEND,4,0
3-10,7.0,23,WEEKEND,4,0
4-1,5.0,5,WEEKDAY,4,1
4-2,7.0,5,WEEKDAY,4,1
4-3,7.0,5,WEEKDAY,4,1
4-4,7.0,5,WEEKDAY,4,1
4-5,7.0,5,WEEKDAY,4,1
4-6,8.0,5,WEEKDAY,4,1
4-7,11.0,5,WEEKDAY,4,1
4-8,13.0,5,WEEKDAY,4,1
4-9,14.0,5,WEEKDAY,4,1
4-10,22.0,5,WEEKDAY,4,1
4-1,3.8333333333333335,6,WEEKDAY,4,1
4-2,5.666666666666667,6,WEEKDAY,4,1
4-3,5.833333333333333,6,WEEKDAY,4,1
4-4,6.5,6,WEEKDAY,4,1
4-5,6.166666666666667,6,WEEKDAY,4,1
4-6,7.166666666666667,6,WEEKDAY,4,1
4-7,10.833333333333334,6,WEEKDAY,4,1
4-8,14.666666666666666,6,WEEKDAY,4,1
4-9,14.833333333333334,6,WEEKDAY,4,1
4-10,25.333333333333332,6,WEEKDAY,4,1
4-1,5.666666666666667,7,WEEKDAY,4,1
4-2,5.5,7,WEEKDAY,4,1
4-3,6.5,7,WEEKDAY,4,1
4-4,6.166666666666667,7,WEEKDAY,4,1
4-5,6.833333333333333,7,WEEKDAY,4,1
4-6,8.0,7,WEEKDAY,4,1
4-7,10.666666666666666,7,WEEKDAY,4,1
4-8,14.666666666666666,7,WEEKDAY,4,1
4-9,15.333333333333334,7,WEEKDAY,4,1
4-10,21.333333333333332,7,WEEKDAY,4,1
4-1,5.666666666666667,8,WEEKDAY,4,1
4-2,6.5,8,WEEKDAY,4,1
4-3,8.0,8,WEEKDAY,4,1
4-4,7.666666666666667,8,WEEKDAY,4,1
4-5,6.666666666666667,8,WEEKDAY,4,1
4-6,8.5,8,WEEKDAY,4,1
4-7,10.0,8,WEEKDAY,4,1
4-8,13.5,8,WEEKDAY,4,1
4-9,15.166666666666666,8,WEEKDAY,4,1
4-10,19.0,8,WEEKDAY,4,1
4-1,5.833333333333333,9,WEEKDAY,4,1
4-2,6.833333333333333,9,WEEKDAY,4,1
4-3,8.5,9,WEEKDAY,4,1
4-4,8.0,9,WEEKDAY,4,1
4-5,6.666666666666667,9,WEEKDAY,4,1
4-6,7.166666666666667,9,WEEKDAY,4,1
4-7,10.5,9,WEEKDAY,4,1
4-8,13.0,9,WEEKDAY,4,1
4-9,13.166666666666666,9,WEEKDAY,4,1
4-10,19.5,9,WEEKDAY,4,1
4-1,6.0,10,WEEKDAY,4,1
4-2,8.0,10,WEEKDAY,4,1
4-3,7.166666666666667,10,WEEKDAY,4,1
4-4,7.666666666666667,10,WEEKDAY,4,1
4-5,6.833333333333333,10,WEEKDAY,4,1
4-6,8.0,10,WEEKDAY,4,1
4-7,9.666666666666666,10,WEEKDAY,4,1
4-8,13.666666666666666,10,WEEKDAY,4,1
4-9,13.666666666666666,10,WEEKDAY,4,1
4-10,19.666666666666668,10,WEEKDAY,4,1
4-1,6.166666666666667,11,WEEKDAY,4,1
4-2,8.5,11,WEEKDAY,4,1
4-3,8.333333333333334,11,WEEKDAY,4,1
4-4,7.666666666666667,11,WEEKDAY,4,1
4-5,8.0,11,WEEKDAY,4,1
4-6,8.0,11,WEEKDAY,4,1
4-7,9.833333333333334,11,WEEKDAY,4,1
4-8,12.333333333333334,11,WEEKDAY,4,1
4-9,12.333333333333334,11,WEEKDAY,4,1
4-10,19.833333333333332,11,WEEKDAY,4,1
4-1,6.0,12,WEEKDAY,4,1
4-2,8.5,12,WEEKDAY,4,1
4-3,7.333333333333333,12,WEEKDAY,4,1
4-4,7.666666666666667,12,WEEKDAY,4,1
4-5,7.333333333333333,12,WEEKDAY,4,1
4-6,7.833333333333333,12,WEEKDAY,4,1
4-7,10.333333333333334,12,WEEKDAY,4,1
4-8,12.5,12,WEEKDAY,4,1
4-9,13.0,12,WEEKDAY,4,1
4-10,19.833333333333332,12,WEEKDAY,4,1
4-1,5.666666666666667,13,WEEKDAY,4,1
4-2,7.666666666666667,13,WEEKDAY,4,1
4-3,8.0,13,WEEKDAY,4,1
4-4,7.833333333333333,13,WEEKDAY,4,1
4-5,7.5,13,WEEKDAY,4,1
4-6,8.666666666666666,13,WEEKDAY,4,1
4-7,9.5,13,WEEKDAY,4,1
4-8,12.0,13,WEEKDAY,4,1
4-9,14.0,13,WEEKDAY,4,1
4-10,20.333333333333332,13,WEEKDAY,4,1
4-1,5.666666666666667,14,WEEKDAY,4,1
4-2,8.5,14,WEEKDAY,4,1
4-3,7.5,14,WEEKDAY,4,1
4-4,8.5,14,WEEKDAY,4,1
4-5,7.833333333333333,14,WEEKDAY,4,1
4-6,7.5,14,WEEKDAY,4,1
4-7,9.666666666666666,14,WEEKDAY,4,1
4-8,12.0,14,WEEKDAY,4,1
4-9,12.833333333333334,14,WEEKDAY,4,1
4-10,20.333333333333332,14,WEEKDAY,4,1
4-1,5.833333333333333,15,WEEKDAY,4,1
4-2,8.0,15,WEEKDAY,4,1
4-3,8.666666666666666,15,WEEKDAY,4,1
4-4,7.666666666666667,15,WEEKDAY,4,1
4-5,7.5,15,WEEKDAY,4,1
4-6,8.0,15,WEEKDAY,4,1
4-7,10.333333333333334,15,WEEKDAY,4,1
4-8,12.666666666666666,15,WEEKDAY,4,1
4-9,11.5,15,WEEKDAY,4,1
4-10,20.0,15,WEEKDAY,4,1
4-1,5.333333333333333,16,WEEKDAY,4,1
4-2,7.333333333333333,16,WEEKDAY,4,1
4-3,7.166666666666667,16,WEEKDAY,4,1
4-4,7.333333333333333,16,WEEKDAY,4,1
4-5,7.0,16,WEEKDAY,4,1
4-6,8.166666666666666,16,WEEKDAY,4,1
4-7,11.0,16,WEEKDAY,4,1
4-8,12.0,16,WEEKDAY,4,1
4-9,13.0,16,WEEKDAY,4,1
4-10,21.666666666666668,16,WEEKDAY,4,1
4-1,5.0,17,WEEKDAY,4,1
4-2,5.833333333333333,17,WEEKDAY,4,1
4-3,5.833333333333333,17,WEEKDAY,4,1
4-4,6.333333333333333,17,WEEKDAY,4,1
4-5,6.166666666666667,17,WEEKDAY,4,1
4-6,8.0,17,WEEKDAY,4,1
4-7,11.833333333333334,17,WEEKDAY,4,1
4-8,13.5,17,WEEKDAY,4,1
4-9,14.666666666666666,17,WEEKDAY,4,1
4-10,22.5,17,WEEKDAY,4,1
4-1,4.833333333333333,18,WEEKDAY,4,1
4-2,5.666666666666667,18,WEEKDAY,4,1
4-3,6.0,18,WEEKDAY,4,1
4-4,5.5,18,WEEKDAY,4,1
4-5,5.833333333333333,18,WEEKDAY,4,1
4-6,7.666666666666667,18,WEEKDAY,4,1
4-7,11.666666666666666,18,WEEKDAY,4,1
4-8,13.333333333333334,18,WEEKDAY,4,1
4-9,14.5,18,WEEKDAY,4,1
4-10,25.666666666666668,18,WEEKDAY,4,1
4-1,4.333333333333333,19,WEEKDAY,4,1
4-2,5.833333333333333,19,WEEKDAY,4,1
4-3,5.666666666666667,19,WEEKDAY,4,1
4-4,5.666666666666667,19,WEEKDAY,4,1
4-5,6.333333333333333,19,WEEKDAY,4,1
4-6,7.166666666666667,19,WEEKDAY,4,1
4-7,10.666666666666666,19,WEEKDAY,4,1
4-8,13.0,19,WEEKDAY,4,1
4-9,15.666666666666666,19,WEEKDAY,4,1
4-10,26.166666666666668,19,WEEKDAY,4,1
4-1,3.8333333333333335,20,WEEKDAY,4,1
4-2,5.833333333333333,20,WEEKDAY,4,1
4-3,5.666666666666667,20,WEEKDAY,4,1
4-4,6.833333333333333,20,WEEKDAY,4,1
4-5,6.166666666666667,20,WEEKDAY,4,1
4-6,7.333333333333333,20,WEEKDAY,4,1
4-7,10.833333333333334,20,WEEKDAY,4,1
4-8,13.5,20,WEEKDAY,4,1
4-9,15.0,20,WEEKDAY,4,1
4-10,25.666666666666668,20,WEEKDAY,4,1
4-1,4.833333333333333,21,WEEKDAY,4,1
4-2,5.666666666666667,21,WEEKDAY,4,1
4-3,6.5,21,WEEKDAY,4,1
4-4,6.833333333333333,21,WEEKDAY,4,1
4-5,6.333333333333333,21,WEEKDAY,4,1
4-6,7.333333333333333,21,WEEKDAY,4,1
4-7,10.666666666666666,21,WEEKDAY,4,1
4-8,13.0,21,WEEKDAY,4,1
4-9,15.166666666666666,21,WEEKDAY,4,1
4-10,23.333333333333332,21,WEEKDAY,4,1
4-1,3.5,22,WEEKDAY,4,1
4-2,6.166666666666667,22,WEEKDAY,4,1
4-3,6.0,22,WEEKDAY,4,1
4-4,7.166666666666667,22,WEEKDAY,4,1
4-5,7.0,22,WEEKDAY,4,1
4-6,7.666666666666667,22,WEEKDAY,4,1
4-7,12.333333333333334,22,WEEKDAY,4,1
4-8,13.666666666666666,22,WEEKDAY,4,1
4-9,14.0,22,WEEKDAY,4,1
4-10,22.166666666666668,22,WEEKDAY,4,1
4-1,5.0,23,WEEKDAY,4,1
4-2,7.0,23,WEEKDAY,4,1
4-3,7.0,23,WEEKDAY,4,1
4-4,7.0,23,WEEKDAY,4,1
4-5,7.0,23,WEEKDAY,4,1
4-6,8.0,23,WEEKDAY,4,1
4-7,11.0,23,WEEKDAY,4,1
4-8,13.0,23,WEEKDAY,4,1
4-9,14.0,23,WEEKDAY,4,1
4-10,22.0,23,WEEKDAY,4,1
4-1,5.0,5,WEEKEND,4,1
4-2,7.0,5,WEEKEND,4,1
4-3,7.0,5,WEEKEND,4,1
4-4,7.0,5,WEEKEND,4,1
4-5,7.0,5,WEEKEND,4,1
4-6,8.0,5,WEEKEND,4,1
4-7,11.0,5,WEEKEND,4,1
4-8,13.0,5,WEEKEND,4,1
4-9,14.0,5,WEEKEND,4,1
4-10,21.666666666666668,5,WEEKEND,4,1
4-1,3.6666666666666665,6,WEEKEND,4,1
4-2,7.0,6,WEEKEND,4,1
4-3,6.166666666666667,6,WEEKEND,4,1
4-4,7.5,6,WEEKEND,4,1
4-5,6.0,6,WEEKEND,4,1
4-6,6.833333333333333,6,WEEKEND,4,1
4-7,10.0,6,WEEKEND,4,1
4-8,13.833333333333334,6,WEEKEND,4,1
4-9,14.166666666666666,6,WEEKEND,4,1
4-10,25.333333333333332,6,WEEKEND,4,1
4-1,5.166666666666667,7,WEEKEND,4,1
4-2,6.666666666666667,7,WEEKEND,4,1
4-3,7.333333333333333,7,WEEKEND,4,1
4-4,6.833333333333333,7,WEEKEND,4,1
4-5,7.166666666666667,7,WEEKEND,4,1
4-6,7.833333333333333,7,WEEKEND,4,1
4-7,10.5,7,WEEKEND,4,1
4-8,12.666666666666666,7,WEEKEND,4,1
4-9,14.5,7,WEEKEND,4,1
4-10,22.0,7,WEEKEND,4,1
4-1,4.166666666666667,8,WEEKEND,4,1
4-2,6.166666666666667,8,WEEKEND,4,1
4-3,6.833333333333333,8,WEEKEND,4,1
4-4,6.333333333333333,8,WEEKEND,4,1
4-5,6.333333333333333,8,WEEKEND,4,1
4-6,7.666666666666667,8,WEEKEND,4,1
4-7,8.333333333333334,8,WEEKEND,4,1
4-8,12.666666666666666,8,WEEKEND,4,1
4-9,16.833333333333332,8,WEEKEND,4,1
4-10,24.833333333333332,8,WEEKEND,4,1
4-1,4.666666666666667,9,WEEKEND,4,1
4-2,6.833333333333333,9,WEEKEND,4,1
4-3,7.333333333333333,9,WEEKEND,4,1
4-4,6.0,9,WEEKEND,4,1
4-5,6.666666666666667,9,WEEKEND,4,1
4-6,7.333333333333333,9,WEEKEND,4,1
4-7,9.5,9,WEEKEND,4,1
4-8,14.5,9,WEEKEND,4,1
4-9,14.166666666666666,9,WEEKEND,4,1
4-10,23.5,9,WEEKEND,4,1
4-1,5.5,10,WEEKEND,4,1
4-2,6.0,10,WEEKEND,4,1
4-3,7.333333333333333,10,WEEKEND,4,1
4-4,6.666666666666667,10,WEEKEND,4,1
4-5,6.166666666666667,10,WEEKEND,4,1
4-6,7.833333333333333,10,WEEKEND,4,1
4-7,9.5,10,WEEKEND,4,1
4-8,14.0,10,WEEKEND,4,1
4-9,13.5,10,WEEKEND,4,1
4-10,23.0,10,WEEKEND,4,1
4-1,5.833333333333333,11,WEEKEND,4,1
4-2,5.833333333333333,11,WEEKEND,4,1
4-3,6.5,11,WEEKEND,4,1
4-4,8.333333333333334,11,WEEKEND,4,1
4-5,5.833333333333333,11,WEEKEND,4,1
4-6,9.5,11,WEEKEND,4,1
4-7,10.333333333333334,11,WEEKEND,4,1
4-8,12.833333333333334,11,WEEKEND,4,1
4-9,13.5,11,WEEKEND,4,1
4-10,21.333333333333332,11,WEEKEND,4,1
4-1,5.833333333333333,12,WEEKEND,4,1
4-2,7.0,12,WEEKEND,4,1
4-3,6.833333333333333,12,WEEKEND,4,1
4-4,6.5,12,WEEKEND,4,1
4-5,8.0,12,WEEKEND,4,1
4-6,7.5,12,WEEKEND,4,1
4-7,9.5,12,WEEKEND,4,1
4-8,13.166666666666666,12,WEEKEND,4,1
4-9,14.666666666666666,12,WEEKEND,4,1
4-10,21.166666666666668,12,WEEKEND,4,1
4-1,5.0,13,WEEKEND,4,1
4-2,6.5,13,WEEKEND,4,1
4-3,7.833333333333333,13,WEEKEND,4,1
4-4,6.166666666666667,13,WEEKEND,4,1
4-5,7.666666666666667,13,WEEKEND,4,1
4-6,7.666666666666667,13,WEEKEND,4,1
4-7,11.0,13,WEEKEND,4,1
4-8,12.833333333333334,13,WEEKEND,4,1
4-9,15.833333333333334,13,WEEKEND,4,1
4-10,19.666666666666668,13,WEEKEND,4,1
4-1,5.333333333333333,14,WEEKEND,4,1
4-2,7.166666666666667,14,WEEKEND,4,1
4-3,7.5,14,WEEKEND,4,1
4-4,7.5,14,WEEKEND,4,1
4-5,7.666666666666667,14,WEEKEND,4,1
4-6,8.5,14,WEEKEND,4,1
4-7,11.666666666666666,14,WEEKEND,4,1
4-8,13.5,14,WEEKEND,4,1
4-9,13.5,14,WEEKEND,4,1
4-10,17.666666666666668,14,WEEKEND,4,1
4-1,4.5,15,WEEKEND,4,1
4-2,8.333333333333334,15,WEEKEND,4,1
4-3,6.333333333333333,15,WEEKEND,4,1
4-4,7.333333333333333,15,WEEKEND,4,1
4-5,7.5,15,WEEKEND,4,1
4-6,9.166666666666666,15,WEEKEND,4,1
4-7,13.333333333333334,15,WEEKEND,4,1
4-8,12.0,15,WEEKEND,4,1
4-9,12.166666666666666,15,WEEKEND,4,1
4-10,18.833333333333332,15,WEEKEND,4,1
4-1,5.333333333333333,16,WEEKEND,4,1
4-2,7.0,16,WEEKEND,4,1
4-3,6.166666666666667,16,WEEKEND,4,1
4-4,7.333333333333333,16,WEEKEND,4,1
4-5,8.166666666666666,16,WEEKEND,4,1
4-6,9.0,16,WEEKEND,4,1
4-7,11.666666666666666,16,WEEKEND,4,1
4-8,13.5,16,WEEKEND,4,1
4-9,13.0,16,WEEKEND,4,1
4-10,19.0,16,WEEKEND,4,1
4-1,6.666666666666667,17,WEEKEND,4,1
4-2,7.166666666666667,17,WEEKEND,4,1
4-3,6.5,17,WEEKEND,4,1
4-4,7.0,17,WEEKEND,4,1
4-5,7.5,17,WEEKEND,4,1
4-6,8.166666666666666,17,WEEKEND,4,1
4-7,12.0,17,WEEKEND,4,1
4-8,14.0,17,WEEKEND,4,1
4-9,13.166666666666666,17,WEEKEND,4,1
4-10,17.5,17,WEEKEND,4,1
4-1,6.666666666666667,18,WEEKEND,4,1
4-2,7.166666666666667,18,WEEKEND,4,1
4-3,7.833333333333333,18,WEEKEND,4,1
4-4,6.0,18,WEEKEND,4,1
4-5,7.833333333333333,18,WEEKEND,4,1
4-6,7.5,18,WEEKEND,4,1
4-7,12.0,18,WEEKEND,4,1
4-8,13.333333333333334,18,WEEKEND,4,1
4-9,11.166666666666666,18,WEEKEND,4,1
4-10,20.0,18,WEEKEND,4,1
4-1,4.666666666666667,19,WEEKEND,4,1
4-2,7.333333333333333,19,WEEKEND,4,1
4-3,7.0,19,WEEKEND,4,1
4-4,6.833333333333333,19,WEEKEND,4,1
4-5,7.166666666666667,19,WEEKEND,4,1
4-6,7.333333333333333,19,WEEKEND,4,1
4-7,9.333333333333334,19,WEEKEND,4,1
4-8,12.166666666666666,19,WEEKEND,4,1
4-9,15.0,19,WEEKEND,4,1
4-10,23.333333333333332,19,WEEKEND,4,1
4-1,4.0,20,WEEKEND,4,1
4-2,6.666666666666667,20,WEEKEND,4,1
4-3,7.333333333333333,20,WEEKEND,4,1
4-4,5.666666666666667,20,WEEKEND,4,1
4-5,7.0,20,WEEKEND,4,1
4-6,7.333333333333333,20,WEEKEND,4,1
4-7,10.166666666666666,20,WEEKEND,4,1
4-8,13.833333333333334,20,WEEKEND,4,1
4-9,15.166666666666666,20,WEEKEND,4,1
4-10,23.0,20,WEEKEND,4,1
4-1,5.0,21,WEEKEND,4,1
4-2,7.166666666666667,21,WEEKEND,4,1
4-3,6.666666666666667,21,WEEKEND,4,1
4-4,6.166666666666667,21,WEEKEND,4,1
4-5,7.5,21,WEEKEND,4,1
4-6,7.333333333333333,21,WEEKEND,4,1
4-7,10.5,21,WEEKEND,4,1
4-8,13.166666666666666,21,WEEKEND,4,1
4-9,15.166666666666666,21,WEEKEND,4,1
4-10,21.166666666666668,21,WEEKEND,4,1
4-1,5.0,22,WEEKEND,4,1
4-2,7.0,22,WEEKEND,4,1
4-3,7.0,22,WEEKEND,4,1
4-4,7.0,22,WEEKEND,4,1
4-5,7.0,22,WEEKEND,4,1
4-6,8.0,22,WEEKEND,4,1
4-7,11.0,22,WEEKEND,4,1
4-8,13.0,22,WEEKEND,4,1
4-9,14.0,22,WEEKEND,4,1
4-10,21.0,22,WEEKEND,4,1
4-1,5.0,23,WEEKEND,4,1
4-2,7.0,23,WEEKEND,4,1
4-3,7.0,23,WEEKEND,4,1
4-4,7.0,23,WEEKEND,4,1
4-5,7.0,23,WEEKEND,4,1
4-6,8.0,23,WEEKEND,4,1
4-7,11.0,23,WEEKEND,4,1
4-8,13.0,23,WEEKEND,4,1
4-9,14.0,23,WEEKEND,4,1
4-10,21.0,23,WEEKEND,4,1
